iso,income_group,pop,pop_hcw,pop_old,name
AFG,LIC,38928346.0,997519.0,3610145.0,Afghanistan
ALB,UMIC,2877800.0,36791.0,628565.0,Albania
DZA,LMIC,43851044.0,387079.0,8430581.0,Algeria
ASM,UMIC,55197.0,,,American Samoa
AND,HIC,77265.0,3893.0,18469.0,Andorra
AGO,LMIC,32866272.0,251284.0,2768485.0,Angola
AIA,Other,15002.0,,,Anguilla
ATG,HIC,97929.0,4896.0,14416.0,Antigua and Barbuda
ARG,UMIC,45195774.0,1159948.0,7153405.0,Argentina
ARM,UMIC,2963234.0,51461.0,564771.0,Armenia
ABW,HIC,106766.0,,24177.0,Aruba
AUS,HIC,25499884.0,1792626.0,4255305.0,Australia
AUT,HIC,8901064.0,475869.0,2366793.0,Austria
AZE,UMIC,10139175.0,189417.0,1254698.0,Azerbaijan
BHS,HIC,393244.0,11955.0,50458.0,Bahamas
BHR,HIC,1701575.0,5071.0,98872.0,Bahrain
BGD,LMIC,164689383.0,556201.0,13696840.0,Bangladesh
BRB,HIC,287375.0,7508.0,68331.0,Barbados
BLR,UMIC,9449321.0,385996.0,2195420.0,Belarus
BEL,HIC,11522440.0,727440.0,3025414.0,Belgium
BLZ,LMIC,397628.0,4413.0,31947.0,Belize
BEN,LMIC,12123200.0,48797.0,1310087.0,Benin
BMU,HIC,62273.0,,,Bermuda
BTN,LMIC,771608.0,12228.0,71223.0,Bhutan
BOL,LMIC,11673021.0,132813.0,1245333.0,Bolivia
BIH,UMIC,3280815.0,55710.0,848963.0,Bosnia and Herzegovina
BWA,UMIC,2351627.0,23610.0,171500.0,Botswana
BRA,UMIC,212559417.0,4831725.0,31043870.0,Brazil
VGB,HIC,30237.0,,,British Virgin Islands
BRN,HIC,437479.0,6106.0,44365.0,Brunei Darussalam
BGR,UMIC,6951482.0,164649.0,1959779.0,Bulgaria
BFA,LIC,20903273.0,56988.0,1864749.0,Burkina Faso
BDI,LIC,11890784.0,7888.0,1320725.0,Burundi
CPV,LMIC,555987.0,4643.0,93080.0,Cabo Verde
KHM,LMIC,16718965.0,57786.0,1323073.0,Cambodia
CMR,LMIC,26545863.0,186521.0,2512864.0,Cameroon
CAN,HIC,37742154.0,2629087.0,9678405.0,Canada
CAF,LIC,4829767.0,8672.0,458019.0,Central African Republic
CYM,HIC,65720.0,,,Cayman Islands
TCD,LIC,16425864.0,31500.0,424973.0,Chad
CHL,HIC,19116201.0,505945.0,3449362.0,Chile
CHN,UMIC,1471286879.0,18032270.0,258370873.0,China
MNP,HIC,57557.0,,,Northern Mariana Islands
COL,UMIC,50882891.0,1047323.0,6985756.0,Colombia
COM,LMIC,869601.0,2334.0,98646.0,Comoros
COG,LMIC,5518087.0,22903.0,604714.0,Congo
COK,Other,17564.0,352.0,808.0,Cook Islands
CRI,UMIC,5094118.0,85457.0,801922.0,Costa Rica
CIV,LMIC,26378274.0,110740.0,2643443.0,Côte d'Ivoire
HRV,HIC,4058165.0,109592.0,1171841.0,Croatia
CUB,UMIC,11326616.0,576167.0,2487080.0,Cuba
CUW,HIC,164093.0,,41471.0,Curaçao
CYP,HIC,888005.0,29016.0,245598.0,Cyprus
CZE,HIC,10693939.0,376756.0,2825598.0,Czechia
DNK,HIC,5822763.0,519988.0,1534340.0,Denmark
DJI,LMIC,988000.0,7124.0,156816.0,Djibouti
DMA,UMIC,71991.0,1440.0,11663.0,Dominica
DOM,UMIC,10847910.0,180250.0,1251287.0,Dominican Republic
COD,LIC,89561403.0,321770.0,6322794.0,Democratic Republic of the Congo
ECU,UMIC,17643054.0,208611.0,2018072.0,Ecuador
EGY,LMIC,102334404.0,815267.0,8717911.0,Egypt
SLV,LMIC,6486205.0,67857.0,800876.0,El Salvador
GNQ,UMIC,1402985.0,12930.0,54141.0,Equatorial Guinea
EST,HIC,1328976.0,40870.0,360416.0,Estonia
SWZ,LMIC,1160164.0,14530.0,120384.0,Eswatini
ETH,LIC,114963588.0,416370.0,4201564.0,Ethiopia
FJI,UMIC,896445.0,3851.0,89863.0,Fiji
FIN,HIC,5525292.0,425664.0,1630214.0,Finland
FRA,HIC,65039359.0,4152645.0,17797436.0,France
GUF,Other,298682.0,,27967.0,French Guiana
PYF,HIC,280908.0,,39749.0,French Polynesia
GAB,UMIC,2225734.0,19096.0,264199.0,Gabon
GMB,LIC,2416668.0,5634.0,218168.0,Gambia
GEO,UMIC,3989175.0,75607.0,871852.0,Georgia
DEU,HIC,83166711.0,5584434.0,24440892.0,Germany
GHA,LMIC,31072940.0,404780.0,1724221.0,Ghana
GRC,HIC,10718565.0,247791.0,3029473.0,Greece
GRD,UMIC,112523.0,2252.0,17160.0,Grenada
GLP,Other,400124.0,,107188.0,Guadeloupe
GUM,HIC,168775.0,,46970.0,Guam
GTM,UMIC,17915568.0,125971.0,1340379.0,Guatemala
GIN,LIC,13132795.0,15946.0,1263523.0,Guinea
GNB,LIC,1968001.0,6139.0,187418.0,Guinea-Bissau
GUY,UMIC,786552.0,7612.0,88929.0,Guyana
HTI,LMIC,11402528.0,58078.0,609491.0,Haiti
HND,LMIC,9904607.0,80819.0,760007.0,Honduras
HUN,HIC,9769526.0,312315.0,2590872.0,Hungary
ISL,HIC,364134.0,22968.0,75860.0,Iceland
IND,LMIC,1380004385.0,5824562.0,144322343.0,India
IDN,LMIC,273523615.0,1807960.0,28803892.0,Indonesia
IRN,LMIC,83992949.0,818176.0,9005131.0,Iran
IRQ,UMIC,40222493.0,366065.0,4609279.0,Iraq
IRL,HIC,4964440.0,288206.0,997954.0,Ireland
ISR,HIC,8655541.0,475286.0,1456042.0,Israel
ITA,HIC,59641488.0,1931331.0,18317015.0,Italy
JAM,UMIC,2961167.0,38202.0,404517.0,Jamaica
JPN,HIC,126476461.0,10909282.0,36174100.0,Japan
JOR,UMIC,10203134.0,99108.0,415130.0,Jordan
KAZ,UMIC,18776707.0,482244.0,2399336.0,Kazakhstan
KEN,LMIC,53771296.0,472310.0,5293329.0,Kenya
KIR,LMIC,119449.0,2428.0,8507.0,Kiribati
XKX,UMIC,1795666.0,,,Kosovo
KWT,HIC,4270571.0,71572.0,305603.0,Kuwait
KGZ,LMIC,6524191.0,94969.0,559009.0,Kyrgyzstan
LAO,LMIC,7275560.0,17378.0,513278.0,Lao People's Democratic Republic
LVA,HIC,1907675.0,56591.0,523066.0,Latvia
LBN,UMIC,6825445.0,82801.0,1138313.0,Lebanon
LSO,LMIC,2142249.0,16143.0,306520.0,Lesotho
LBR,LIC,5057681.0,36001.0,567958.0,Liberia
LBY,UMIC,6871292.0,74168.0,495173.0,Libya
LTU,HIC,2794090.0,92625.0,760356.0,Lithuania
LUX,HIC,626108.0,31975.0,129141.0,Luxembourg
MDG,LIC,27691018.0,80166.0,3039903.0,Madagascar
MWI,LIC,19129952.0,29519.0,1689433.0,Malawi
MYS,UMIC,32365999.0,639617.0,3702369.0,Malaysia
MDV,UMIC,540544.0,17054.0,33136.0,Maldives
MLI,LIC,20250833.0,22785.0,1689827.0,Mali
MLT,HIC,514564.0,20038.0,126558.0,Malta
MHL,UMIC,59194.0,4917.0,8449.0,Marshall Islands
MRT,LMIC,4649658.0,16874.0,523354.0,Mauritania
MUS,UMIC,1271768.0,21815.0,243101.0,Mauritius
MEX,UMIC,128932753.0,1599664.0,15028718.0,Mexico
FSM,LMIC,115023.0,1184.0,24725.0,Micronesia
MCO,HIC,39244.0,1980.0,13637.0,Monaco
MNG,LMIC,3278290.0,39938.0,575815.0,Mongolia
MNE,UMIC,628062.0,12905.0,141212.0,Montenegro
MSR,Other,4999.0,,,Montserrat
MAR,LMIC,36910560.0,116863.0,2961430.0,Morocco
MOZ,LIC,31255435.0,111542.0,2853011.0,Mozambique
MMR,LMIC,54409800.0,162273.0,5637607.0,Myanmar
NAM,UMIC,2540905.0,19318.0,146909.0,Namibia
NRU,HIC,10834.0,218.0,742.0,Nauru
NPL,LMIC,29136808.0,68798.0,3693158.0,Nepal
NLD,HIC,17407585.0,1467661.0,4657170.0,Netherlands
NCL,HIC,285498.0,,10240.0,New Caledonia
NZL,HIC,4822233.0,317226.0,813455.0,New Zealand
NIC,LMIC,6624554.0,59987.0,599714.0,Nicaragua
NER,LIC,24206644.0,44228.0,2104176.0,Niger
NGA,LMIC,206139589.0,1109420.0,20606608.0,Nigeria
NIU,Other,1618.0,36.0,286.0,Niue
MKD,UMIC,2083380.0,45007.0,439420.0,North Macedonia
NOR,HIC,5367580.0,564302.0,1287072.0,Norway
OMN,HIC,5106626.0,99901.0,234088.0,Oman
PAK,LMIC,220892340.0,1148724.0,15408512.0,Pakistan
PLW,HIC,18092.0,364.0,1792.0,Palau
PAN,UMIC,4314767.0,102528.0,550050.0,Panama
PNG,LMIC,8947024.0,14292.0,1646256.0,Papua New Guinea
PRY,UMIC,7132538.0,129342.0,729005.0,Paraguay
PER,UMIC,32971854.0,389042.0,4270113.0,Peru
PHL,LMIC,109581078.0,549858.0,9861907.0,Philippines
POL,HIC,37958138.0,1064293.0,9968194.0,Poland
PRT,HIC,10295909.0,461765.0,3034934.0,Portugal
PRI,HIC,2860853.0,,797015.0,Puerto Rico
QAT,HIC,2881053.0,34325.0,115128.0,Qatar
KOR,HIC,51269185.0,2080345.0,12394485.0,Republic of Korea
MDA,UMIC,4033963.0,73288.0,782943.0,Republic of Moldova
ROU,UMIC,19328838.0,412908.0,4978849.0,Romania
RUS,UMIC,145934460.0,5659036.0,33431826.0,Russian Federation
RWA,LIC,12952218.0,46465.0,1435495.0,Rwanda
SHN,Other,6071.0,,,Saint Helena
KNA,HIC,53192.0,2300.0,7642.0,Saint Kitts and Nevis
LCA,UMIC,183627.0,740.0,19521.0,Saint Lucia
VCT,UMIC,110940.0,1014.0,16824.0,Saint Vincent and the Grenadines
WSM,LMIC,198414.0,880.0,16462.0,Samoa
SMR,HIC,33938.0,1697.0,9884.0,San Marino
STP,LMIC,219159.0,2194.0,24448.0,Sao Tome and Principe
SAU,HIC,34813871.0,743145.0,2178076.0,Saudi Arabia
SEN,LMIC,16743927.0,65530.0,832868.0,Senegal
SRB,UMIC,6926705.0,196066.0,2221992.0,Serbia
SYC,HIC,98347.0,1064.0,13376.0,Seychelles
SLE,LIC,7976983.0,22983.0,811249.0,Sierra Leone
SGP,HIC,5850342.0,146302.0,841189.0,Singapore
SXM,HIC,42882.0,,,Sint Maarten (Dutch part)
SVK,HIC,5457873.0,205285.0,1299213.0,Slovakia
SVN,HIC,2095861.0,70812.0,587043.0,Slovenia
SLB,LMIC,686884.0,6031.0,58780.0,Solomon Islands
SOM,LIC,15893222.0,12608.0,1080070.0,Somalia
ZAF,UMIC,59308690.0,1075564.0,5216144.0,South Africa
SSD,LIC,11193725.0,58103.0,382809.0,South Sudan
ESP,HIC,47332614.0,1663771.0,12528171.0,Spain
LKA,LMIC,21413249.0,151758.0,3633139.0,Sri Lanka
SDN,LIC,43849260.0,203322.0,6958106.0,Sudan
SUR,UMIC,586632.0,8081.0,66327.0,Suriname
SWE,HIC,10327589.0,747436.0,2653352.0,Sweden
CHE,HIC,8654618.0,688378.0,2245767.0,Switzerland
SYR,LIC,17500658.0,189680.0,2003191.0,Syrian Arab Republic
TJK,LMIC,9537642.0,90889.0,584617.0,Tajikistan
TZA,LMIC,59734218.0,215481.0,2628138.0,United Republic of Tanzania
THA,UMIC,69799978.0,683112.0,13962436.0,Thailand
TLS,LMIC,1318445.0,5719.0,89349.0,Timor-Leste
TGO,LIC,8278724.0,44425.0,870455.0,Togo
TKL,Other,1350.0,,,Tokelau
TON,UMIC,105695.0,1026.0,6368.0,Tonga
TTO,HIC,1399488.0,35448.0,245641.0,Trinidad and Tobago
TUN,LMIC,11818619.0,103303.0,1652471.0,Tunisia
TUR,UMIC,84339067.0,1446821.0,11453050.0,Turkey
TKM,UMIC,6031187.0,99117.0,514238.0,Turkmenistan
TCA,HIC,38718.0,,,Turks and Caicos Islands
TUV,UMIC,11792.0,239.0,1171.0,Tuvalu
ARE,HIC,9890402.0,152266.0,359920.0,United Arab Emirates
UGA,LIC,45741007.0,135373.0,3474185.0,Uganda
GBR,HIC,67886004.0,4482763.0,16870737.0,United Kingdom
UKR,LMIC,43733759.0,1241855.0,10447105.0,Ukraine
URY,HIC,3473730.0,138517.0,713402.0,Uruguay
USA,HIC,331002651.0,22440534.0,56719945.0,United States of America
UZB,LMIC,33469199.0,840120.0,2925212.0,Uzbekistan
VUT,LMIC,307145.0,284.0,27830.0,Vanuatu
VEN,UMIC,28435940.0,536427.0,3547021.0,Venezuela
VNM,LMIC,97338579.0,581985.0,8058818.0,Viet Nam
WLF,Other,11246.0,,,Wallis and Futuna
PSE,LMIC,5101414.0,,264251.0,West Bank and Gaza
YEM,LIC,29825964.0,83935.0,1431744.0,Yemen
ZMB,LMIC,18383955.0,94617.0,1454770.0,Zambia
ZWE,LMIC,14862924.0,51323.0,1429104.0,Zimbabwe
